{
	"partitions" : [
		{
			"name" : "Top",
			"pins" : [
				{
					"name" : "LCD_RS",
					"strict" : false
				},
				{
					"name" : "LCD_E",
					"strict" : false
				},
				{
					"name" : "RESET_LED",
					"strict" : false
				},
				{
					"name" : "VGA_RED[0]",
					"strict" : false
				},
				{
					"name" : "VGA_RED[1]",
					"strict" : false
				},
				{
					"name" : "VGA_RED[2]",
					"strict" : false
				},
				{
					"name" : "VGA_RED[3]",
					"strict" : false
				},
				{
					"name" : "VGA_RED[4]",
					"strict" : false
				},
				{
					"name" : "VGA_RED[5]",
					"strict" : false
				},
				{
					"name" : "VGA_RED[6]",
					"strict" : false
				},
				{
					"name" : "VGA_RED[7]",
					"strict" : false
				},
				{
					"name" : "VGA_RED[8]",
					"strict" : false
				},
				{
					"name" : "VGA_RED[9]",
					"strict" : false
				},
				{
					"name" : "VGA_GREEN[0]",
					"strict" : false
				},
				{
					"name" : "VGA_GREEN[1]",
					"strict" : false
				},
				{
					"name" : "VGA_GREEN[2]",
					"strict" : false
				},
				{
					"name" : "VGA_GREEN[3]",
					"strict" : false
				},
				{
					"name" : "VGA_GREEN[4]",
					"strict" : false
				},
				{
					"name" : "VGA_GREEN[5]",
					"strict" : false
				},
				{
					"name" : "VGA_GREEN[6]",
					"strict" : false
				},
				{
					"name" : "VGA_GREEN[7]",
					"strict" : false
				},
				{
					"name" : "VGA_GREEN[8]",
					"strict" : false
				},
				{
					"name" : "VGA_GREEN[9]",
					"strict" : false
				},
				{
					"name" : "VGA_BLUE[0]",
					"strict" : false
				},
				{
					"name" : "VGA_BLUE[1]",
					"strict" : false
				},
				{
					"name" : "VGA_BLUE[2]",
					"strict" : false
				},
				{
					"name" : "VGA_BLUE[3]",
					"strict" : false
				},
				{
					"name" : "VGA_BLUE[4]",
					"strict" : false
				},
				{
					"name" : "VGA_BLUE[5]",
					"strict" : false
				},
				{
					"name" : "VGA_BLUE[6]",
					"strict" : false
				},
				{
					"name" : "VGA_BLUE[7]",
					"strict" : false
				},
				{
					"name" : "VGA_BLUE[8]",
					"strict" : false
				},
				{
					"name" : "VGA_BLUE[9]",
					"strict" : false
				},
				{
					"name" : "HORIZ_SYNC",
					"strict" : false
				},
				{
					"name" : "VERT_SYNC",
					"strict" : false
				},
				{
					"name" : "VGA_BLANK",
					"strict" : false
				},
				{
					"name" : "VGA_CLK",
					"strict" : false
				},
				{
					"name" : "led_out[28]",
					"strict" : false
				},
				{
					"name" : "led_out[29]",
					"strict" : false
				},
				{
					"name" : "led_out[30]",
					"strict" : false
				},
				{
					"name" : "led_out[31]",
					"strict" : false
				},
				{
					"name" : "led_out[32]",
					"strict" : false
				},
				{
					"name" : "led_out[33]",
					"strict" : false
				},
				{
					"name" : "led_out[34]",
					"strict" : false
				},
				{
					"name" : "led_out[42]",
					"strict" : false
				},
				{
					"name" : "led_out[43]",
					"strict" : false
				},
				{
					"name" : "led_out[44]",
					"strict" : false
				},
				{
					"name" : "led_out[45]",
					"strict" : false
				},
				{
					"name" : "led_out[46]",
					"strict" : false
				},
				{
					"name" : "led_out[47]",
					"strict" : false
				},
				{
					"name" : "led_out[48]",
					"strict" : false
				},
				{
					"name" : "DATA_BUS[0]",
					"strict" : false
				},
				{
					"name" : "DATA_BUS[1]",
					"strict" : false
				},
				{
					"name" : "DATA_BUS[2]",
					"strict" : false
				},
				{
					"name" : "DATA_BUS[3]",
					"strict" : false
				},
				{
					"name" : "DATA_BUS[4]",
					"strict" : false
				},
				{
					"name" : "DATA_BUS[5]",
					"strict" : false
				},
				{
					"name" : "DATA_BUS[6]",
					"strict" : false
				},
				{
					"name" : "DATA_BUS[7]",
					"strict" : false
				},
				{
					"name" : "fast_clk",
					"strict" : false
				},
				{
					"name" : "kb_data",
					"strict" : false
				},
				{
					"name" : "kb_clk",
					"strict" : false
				}
			]
		}
	]
}