{
	"partitions" : [
		{
			"name" : "Top",
			"pins" : [
				{
					"name" : "done",
					"strict" : false
				},
				{
					"name" : "z_dout[0]",
					"strict" : false
				},
				{
					"name" : "z_dout[1]",
					"strict" : false
				},
				{
					"name" : "z_dout[2]",
					"strict" : false
				},
				{
					"name" : "z_dout[3]",
					"strict" : false
				},
				{
					"name" : "z_dout[4]",
					"strict" : false
				},
				{
					"name" : "z_dout[5]",
					"strict" : false
				},
				{
					"name" : "z_dout[6]",
					"strict" : false
				},
				{
					"name" : "z_dout[7]",
					"strict" : false
				},
				{
					"name" : "z_dout[8]",
					"strict" : false
				},
				{
					"name" : "z_dout[9]",
					"strict" : false
				},
				{
					"name" : "z_dout[10]",
					"strict" : false
				},
				{
					"name" : "z_dout[11]",
					"strict" : false
				},
				{
					"name" : "z_dout[12]",
					"strict" : false
				},
				{
					"name" : "z_dout[13]",
					"strict" : false
				},
				{
					"name" : "z_dout[14]",
					"strict" : false
				},
				{
					"name" : "z_dout[15]",
					"strict" : false
				},
				{
					"name" : "z_dout[16]",
					"strict" : false
				},
				{
					"name" : "z_dout[17]",
					"strict" : false
				},
				{
					"name" : "z_dout[18]",
					"strict" : false
				},
				{
					"name" : "z_dout[19]",
					"strict" : false
				},
				{
					"name" : "z_dout[20]",
					"strict" : false
				},
				{
					"name" : "z_dout[21]",
					"strict" : false
				},
				{
					"name" : "z_dout[22]",
					"strict" : false
				},
				{
					"name" : "z_dout[23]",
					"strict" : false
				},
				{
					"name" : "z_dout[24]",
					"strict" : false
				},
				{
					"name" : "z_dout[25]",
					"strict" : false
				},
				{
					"name" : "z_dout[26]",
					"strict" : false
				},
				{
					"name" : "z_dout[27]",
					"strict" : false
				},
				{
					"name" : "z_dout[28]",
					"strict" : false
				},
				{
					"name" : "z_dout[29]",
					"strict" : false
				},
				{
					"name" : "z_dout[30]",
					"strict" : false
				},
				{
					"name" : "z_dout[31]",
					"strict" : false
				},
				{
					"name" : "reset",
					"strict" : false
				},
				{
					"name" : "clock",
					"strict" : false
				},
				{
					"name" : "z_rd_addr[0]",
					"strict" : false
				},
				{
					"name" : "z_rd_addr[1]",
					"strict" : false
				},
				{
					"name" : "z_rd_addr[2]",
					"strict" : false
				},
				{
					"name" : "z_rd_addr[3]",
					"strict" : false
				},
				{
					"name" : "z_rd_addr[4]",
					"strict" : false
				},
				{
					"name" : "z_rd_addr[5]",
					"strict" : false
				},
				{
					"name" : "start",
					"strict" : false
				},
				{
					"name" : "y_wr_en[0]",
					"strict" : false
				},
				{
					"name" : "y_din[0]",
					"strict" : false
				},
				{
					"name" : "y_wr_addr[0]",
					"strict" : false
				},
				{
					"name" : "y_wr_addr[1]",
					"strict" : false
				},
				{
					"name" : "y_wr_addr[2]",
					"strict" : false
				},
				{
					"name" : "y_wr_addr[3]",
					"strict" : false
				},
				{
					"name" : "y_wr_addr[4]",
					"strict" : false
				},
				{
					"name" : "y_wr_addr[5]",
					"strict" : false
				},
				{
					"name" : "x_wr_en[0]",
					"strict" : false
				},
				{
					"name" : "x_din[0]",
					"strict" : false
				},
				{
					"name" : "x_wr_addr[0]",
					"strict" : false
				},
				{
					"name" : "x_wr_addr[1]",
					"strict" : false
				},
				{
					"name" : "x_wr_addr[2]",
					"strict" : false
				},
				{
					"name" : "x_wr_addr[3]",
					"strict" : false
				},
				{
					"name" : "x_wr_addr[4]",
					"strict" : false
				},
				{
					"name" : "x_wr_addr[5]",
					"strict" : false
				},
				{
					"name" : "y_din[1]",
					"strict" : false
				},
				{
					"name" : "x_din[1]",
					"strict" : false
				},
				{
					"name" : "y_din[2]",
					"strict" : false
				},
				{
					"name" : "x_din[2]",
					"strict" : false
				},
				{
					"name" : "y_din[3]",
					"strict" : false
				},
				{
					"name" : "x_din[3]",
					"strict" : false
				},
				{
					"name" : "y_din[4]",
					"strict" : false
				},
				{
					"name" : "x_din[4]",
					"strict" : false
				},
				{
					"name" : "y_din[5]",
					"strict" : false
				},
				{
					"name" : "x_din[5]",
					"strict" : false
				},
				{
					"name" : "y_din[6]",
					"strict" : false
				},
				{
					"name" : "x_din[6]",
					"strict" : false
				},
				{
					"name" : "y_din[7]",
					"strict" : false
				},
				{
					"name" : "x_din[7]",
					"strict" : false
				},
				{
					"name" : "y_din[8]",
					"strict" : false
				},
				{
					"name" : "y_wr_en[1]",
					"strict" : false
				},
				{
					"name" : "x_din[8]",
					"strict" : false
				},
				{
					"name" : "x_wr_en[1]",
					"strict" : false
				},
				{
					"name" : "y_din[9]",
					"strict" : false
				},
				{
					"name" : "x_din[9]",
					"strict" : false
				},
				{
					"name" : "y_din[10]",
					"strict" : false
				},
				{
					"name" : "x_din[10]",
					"strict" : false
				},
				{
					"name" : "y_din[11]",
					"strict" : false
				},
				{
					"name" : "x_din[11]",
					"strict" : false
				},
				{
					"name" : "y_din[12]",
					"strict" : false
				},
				{
					"name" : "x_din[12]",
					"strict" : false
				},
				{
					"name" : "y_din[13]",
					"strict" : false
				},
				{
					"name" : "x_din[13]",
					"strict" : false
				},
				{
					"name" : "y_din[14]",
					"strict" : false
				},
				{
					"name" : "x_din[14]",
					"strict" : false
				},
				{
					"name" : "y_din[15]",
					"strict" : false
				},
				{
					"name" : "x_din[15]",
					"strict" : false
				},
				{
					"name" : "y_din[16]",
					"strict" : false
				},
				{
					"name" : "y_wr_en[2]",
					"strict" : false
				},
				{
					"name" : "x_din[16]",
					"strict" : false
				},
				{
					"name" : "x_wr_en[2]",
					"strict" : false
				},
				{
					"name" : "y_din[17]",
					"strict" : false
				},
				{
					"name" : "x_din[17]",
					"strict" : false
				},
				{
					"name" : "y_din[18]",
					"strict" : false
				},
				{
					"name" : "x_din[18]",
					"strict" : false
				},
				{
					"name" : "y_din[19]",
					"strict" : false
				},
				{
					"name" : "x_din[19]",
					"strict" : false
				},
				{
					"name" : "y_din[20]",
					"strict" : false
				},
				{
					"name" : "x_din[20]",
					"strict" : false
				},
				{
					"name" : "y_din[21]",
					"strict" : false
				},
				{
					"name" : "x_din[21]",
					"strict" : false
				},
				{
					"name" : "y_din[22]",
					"strict" : false
				},
				{
					"name" : "x_din[22]",
					"strict" : false
				},
				{
					"name" : "y_din[23]",
					"strict" : false
				},
				{
					"name" : "x_din[23]",
					"strict" : false
				},
				{
					"name" : "y_din[24]",
					"strict" : false
				},
				{
					"name" : "y_wr_en[3]",
					"strict" : false
				},
				{
					"name" : "x_din[24]",
					"strict" : false
				},
				{
					"name" : "x_wr_en[3]",
					"strict" : false
				},
				{
					"name" : "y_din[25]",
					"strict" : false
				},
				{
					"name" : "x_din[25]",
					"strict" : false
				},
				{
					"name" : "y_din[26]",
					"strict" : false
				},
				{
					"name" : "x_din[26]",
					"strict" : false
				},
				{
					"name" : "y_din[27]",
					"strict" : false
				},
				{
					"name" : "x_din[27]",
					"strict" : false
				},
				{
					"name" : "y_din[28]",
					"strict" : false
				},
				{
					"name" : "x_din[28]",
					"strict" : false
				},
				{
					"name" : "y_din[29]",
					"strict" : false
				},
				{
					"name" : "x_din[29]",
					"strict" : false
				},
				{
					"name" : "y_din[30]",
					"strict" : false
				},
				{
					"name" : "x_din[30]",
					"strict" : false
				},
				{
					"name" : "y_din[31]",
					"strict" : false
				},
				{
					"name" : "x_din[31]",
					"strict" : false
				}
			]
		}
	]
}